{"n_users": 300, "Precision@10": 0.006, "Recall@10": 0.044444444444444446, "HitRate@10": 0.05333333333333334}